listing_id, listing_title
0, voluptas molestiae quo
1, non deserunt voluptate
2, voluptatibus reprehenderit consequatur
3, a totam officiis
4, molestiae asperiores impedit
5, odit cupiditate veniam
6, sunt ullam sint
7, nihil est at
8, tenetur nostrum adipisci
9, in architecto iure
10, totam quis debitis
11, rerum voluptatem doloremque
12, tempora eos sed
13, et voluptas praesentium
14, veniam vitae non
15, fuga voluptate eligendi
16, voluptatibus sunt libero
17, excepturi facilis ullam
18, corrupti nihil eveniet
19, eum sed architecto
20, totam repellendus non
21, qui rerum repudiandae
22, voluptatem placeat quos
23, molestias quibusdam earum
24, dolor magnam sed
25, officia quos aspernatur
26, officiis laudantium qui
27, consequuntur debitis consequatur
28, dolor odio et
29, non deleniti neque
30, sed eveniet consequatur
31, labore occaecati enim
32, sed aut quae
33, quia facilis enim
34, assumenda repellat voluptatem
35, in molestias quia
36, quae fugit tempora
37, quia aut non
38, non temporibus molestias
39, voluptatem maiores qui
40, dolores tempore et
41, et eius quas
42, voluptas hic quibusdam
43, minima molestiae iste
44, in nostrum enim
45, non ut iure
46, vel placeat sunt
47, necessitatibus dolores ut
48, similique cum sit
49, eum et ut
50, dolor placeat dolore
51, ut explicabo placeat
52, adipisci blanditiis at
53, aut provident incidunt
54, blanditiis odit modi
55, in nisi optio
56, quo ut et
57, exercitationem aliquam sed
58, maxime eos illo
59, consectetur cum qui
60, numquam corrupti pariatur
61, ratione necessitatibus repellat
62, aut dicta iste
63, laborum ut omnis
64, autem soluta architecto
65, incidunt autem rem
66, sit aut est
67, fugiat et repudiandae
68, rerum odit asperiores
69, possimus sunt dolore
70, beatae et est
71, dolores fugit nam
72, est veniam ut
73, veritatis eveniet nam
74, voluptatem et animi
75, facilis laborum placeat
76, dolorum nobis maxime
77, sed reprehenderit repellat
78, qui quia quia
79, ratione explicabo aliquam
80, debitis nihil enim
81, nisi tempore aspernatur
82, odit ipsa optio
83, velit expedita et
84, fuga iusto officiis
85, quo alias consequuntur
86, consectetur sed sunt
87, alias ipsam sequi
88, non magnam beatae
89, nemo molestias ipsum
90, rerum quasi velit
91, similique dolor debitis
92, deleniti sint nostrum
93, dolores quod suscipit
94, voluptatibus ut nesciunt
95, qui laborum sint
96, et fugiat aspernatur
97, sint ad optio
98, minus ducimus corporis
99, consequatur qui itaque
100, non quis nihil
101, et praesentium voluptas
102, nulla deleniti et
103, reiciendis in deserunt
104, nostrum dolorem aliquam
105, qui ea quasi
106, tenetur et ipsam
107, sunt est expedita
108, iste ea ducimus
109, autem sapiente voluptates
110, molestiae sint maxime
111, tempora qui esse
112, eos unde sapiente
113, eius qui ipsam
114, occaecati saepe quis
115, nulla laborum ut
116, tempora perferendis et
117, sed aliquid sed
118, rerum consequatur enim
119, est iusto officia
120, dolores molestiae beatae
121, delectus voluptas dolorem
122, eos ipsam modi
123, consectetur modi deserunt
124, totam et quo
125, aut unde rem
126, perferendis in culpa
127, distinctio aut aliquid
128, ad sit adipisci
129, ut quis eum
130, quia soluta sint
131, non velit non
132, nihil est repellat
133, et est libero
134, ea perferendis quo
135, molestiae reprehenderit consequuntur
136, sit facilis eum
137, magnam animi vitae
138, animi voluptas molestias
139, tenetur rerum ab
140, laborum aut corporis
141, possimus deserunt ut
142, doloremque quia et
143, delectus est aut
144, accusamus dolores occaecati
145, aut cupiditate eveniet
146, qui molestiae a
147, dolores minima nesciunt
148, et veniam quas
149, aut saepe sint
150, mollitia voluptatum aperiam
151, est cumque aliquid
152, cupiditate in aliquid
153, qui sint dolor
154, repellat quia consequatur
155, officiis est eum
156, quia quibusdam quia
157, consequatur placeat ab
158, mollitia voluptatum nihil
159, adipisci repellendus veniam
160, asperiores quae quia
161, dolore mollitia ut
162, sit deserunt harum
163, ullam harum similique
164, animi nobis aliquam
165, eum doloremque autem
166, perspiciatis molestias aliquid
167, sequi nulla sed
168, consequuntur alias asperiores
169, beatae et eum
170, dolor labore et
171, occaecati non autem
172, iste eum dicta
173, optio cum ab
174, voluptas et dolores
175, occaecati sint ex
176, voluptas illum voluptas
177, ullam rem et
178, nihil esse eos
179, sint dolorem voluptates
180, aliquid non nesciunt
181, doloribus fugit recusandae
182, labore quis aperiam
183, mollitia illo unde
184, quo soluta accusamus
185, aut veritatis sint
186, labore reiciendis maiores
187, laboriosam voluptas ea
188, aliquid consequatur eos
189, molestias error in
190, voluptas et quam
191, voluptatem reiciendis iure
192, ad consequatur perspiciatis
193, veniam perspiciatis pariatur
194, qui soluta omnis
195, corrupti amet repellat
196, reiciendis ut doloremque
197, enim tenetur ut
198, id est veniam
199, optio fugit neque
200, cum voluptatem aspernatur
201, laborum qui quasi
202, voluptas quia recusandae
203, et inventore aut
204, in voluptates facere
205, nostrum dolorum deserunt
206, omnis recusandae porro
207, cumque est asperiores
208, deserunt quia dolor
209, veniam ipsa odit
210, commodi id qui
211, fugiat sunt ut
212, voluptatibus ducimus quis
213, qui soluta enim
214, et fugiat rerum
215, earum sapiente ut
216, inventore dolor minus
217, officia nihil doloribus
218, ipsam sunt fugit
219, voluptates voluptatem libero
220, saepe maxime dolorem
221, possimus iure unde
222, provident omnis aliquid
223, rerum quisquam dolorem
224, ipsam quia aspernatur
225, mollitia amet repellat
226, porro porro quod
227, sit nobis tempore
228, blanditiis rerum repudiandae
229, quam ut quaerat
230, et facilis tempore
231, quasi est neque
232, tempora optio ad
233, nam quae et
234, dolores molestiae quae
235, eos ducimus ea
236, explicabo quia aut
237, et consequatur accusamus
238, deleniti amet nesciunt
239, consequatur quibusdam ut
240, nam adipisci dolor
241, quam autem eligendi
242, sint numquam ea
243, nisi quod harum
244, optio veritatis nam
245, nihil libero sunt
246, maxime quae exercitationem
247, veniam et doloribus
248, esse rerum possimus
249, eum perferendis aut
250, ut eos quo
251, molestiae unde qui
252, minus architecto quia
253, non repellendus quos
254, ea quaerat occaecati
255, autem corrupti ut
256, recusandae aut maiores
257, quasi voluptas et
258, mollitia repudiandae eum
259, numquam aut iusto
260, voluptates ab dolore
261, voluptatem officiis at
262, ducimus recusandae magnam
263, quae eius doloribus
264, excepturi nemo voluptate
265, autem pariatur voluptates
266, molestiae et dolorem
267, delectus magnam eos
268, voluptates placeat culpa
269, non repudiandae assumenda
270, dolores sint impedit
271, blanditiis praesentium non
272, recusandae saepe suscipit
273, suscipit quia hic
274, ipsum culpa et
275, inventore voluptas architecto
276, sint velit laborum
277, pariatur iusto recusandae
278, totam autem eos
279, quia distinctio exercitationem
280, voluptatum ipsa eaque
281, in sit sequi
282, dolores et maiores
283, eaque provident dolorum
284, est consequuntur molestiae
285, perspiciatis labore qui
286, quis quo non
287, fugit doloremque quisquam
288, aut et nostrum
289, nemo doloribus perspiciatis
290, quia reprehenderit hic
291, et odit quo
292, asperiores perferendis aspernatur
293, necessitatibus repellat facere
294, delectus distinctio voluptatem
295, et facilis nemo
296, quis atque veniam
297, doloribus ut dolore
298, delectus expedita eos
299, quisquam odit pariatur
300, consectetur ut dolor
301, dolore dolor at
302, quam sunt cumque
303, aliquam voluptates quaerat
304, sunt eveniet qui
305, quasi soluta reprehenderit
306, quaerat reprehenderit sed
307, consectetur quibusdam sed
308, tempore in ipsum
309, reiciendis quo molestias
310, tempora voluptas laboriosam
311, quaerat amet dolorem
312, doloremque quis necessitatibus
313, sequi et laborum
314, est et nihil
315, quaerat nihil omnis
316, beatae omnis et
317, qui est blanditiis
318, optio consequatur nihil
319, placeat eos nostrum
320, culpa minima sapiente
321, voluptas esse impedit
322, sit et non
323, nulla qui minima
324, veniam distinctio quaerat
325, quos consectetur ipsam
326, voluptate vero in
327, voluptas voluptas libero
328, ut quam aspernatur
329, dolor quos id
330, non quidem sed
331, repudiandae aut non
332, id error rerum
333, odit vitae commodi
334, quasi rem ad
335, tempore quos tenetur
336, facere consectetur ad
337, iste qui aliquid
338, quidem ut nam
339, autem alias praesentium
340, iusto temporibus omnis
341, corporis culpa expedita
342, nam atque velit
343, aut et quibusdam
344, quos et officiis
345, facilis ut fuga
346, quisquam repellendus fuga
347, libero a molestiae
348, beatae et facilis
349, tempore voluptatem error
350, eligendi libero molestiae
351, amet dolor sit
352, sapiente recusandae totam
353, sunt debitis et
354, deleniti laborum cupiditate
355, voluptates sint ut
356, odit consequatur facere
357, id dolores id
358, dicta eligendi blanditiis
359, qui et ipsum
360, maiores id nisi
361, voluptatem sunt vitae
362, et qui quod
363, aspernatur qui aut
364, aut cum beatae
365, reprehenderit odit vitae
366, animi sed occaecati
367, aut velit voluptatem
368, dolor sit illo
369, tempore natus voluptas
370, facere accusantium qui
371, ab facere iusto
372, dolorem eum vitae
373, et et magni
374, est voluptas omnis
375, magnam laboriosam ab
376, iusto in et
377, a voluptas impedit
378, sit id sint
379, consequatur amet reprehenderit
380, minima veritatis tempora
381, ipsa odio et
382, quo omnis aut
383, omnis eos ipsum
384, vitae quis quaerat
385, reiciendis tenetur tempora
386, et veritatis rerum
387, vitae voluptatem dolores
388, culpa neque delectus
389, architecto sit porro
390, dolores dolor autem
391, sit quae architecto
392, et ipsa non
393, alias porro qui
394, molestiae veritatis et
395, fuga sed alias
396, cum vel aut
397, ut dolorum perferendis
398, cumque atque nobis
399, blanditiis similique earum
400, officiis ducimus perspiciatis
401, et cum dicta
402, earum magnam reiciendis
403, numquam quam debitis
404, nemo tenetur illum
405, delectus sequi mollitia
406, quas illum deleniti
407, ut ipsam doloribus
408, placeat voluptate magni
409, quibusdam modi et
410, necessitatibus eos debitis
411, expedita reiciendis id
412, incidunt ullam at
413, vel recusandae vel
414, voluptatibus itaque doloremque
415, id asperiores aspernatur
416, reprehenderit facilis est
417, distinctio ipsam suscipit
418, tempore nulla ut
419, facere est deleniti
420, est dolorem est
421, quis laudantium consequatur
422, sunt eligendi dolor
423, consequatur quod molestiae
424, adipisci nulla assumenda
425, et rerum excepturi
426, aut quis esse
427, velit sed enim
428, hic delectus et
429, qui eum voluptas
430, qui ut dolor
431, facere sequi nulla
432, doloremque dignissimos unde
433, rerum eum voluptatem
434, ut numquam at
435, necessitatibus quae eos
436, et qui doloribus
437, est vero suscipit
438, odit quas consequuntur
439, et consequatur qui
440, aut autem consectetur
441, commodi eum qui
442, voluptas ullam ut
443, voluptatibus iusto inventore
444, est est assumenda
445, perferendis aut qui
446, fugiat consequatur exercitationem
447, error quisquam enim
448, qui non et
449, cumque possimus fuga
450, numquam vel consequatur
451, non nostrum non
452, sit quis animi
453, iste aperiam explicabo
454, repellendus dolore similique
455, vitae itaque quis
456, beatae quibusdam voluptas
457, dolore aut non
458, velit sed dolore
459, quasi voluptatem qui
460, est dolores quam
461, dolorem molestias quas
462, recusandae eveniet maxime
463, unde ad aut
464, veniam rerum aut
465, et voluptas maxime
466, maiores repellat ut
467, repellendus nemo et
468, dolor voluptate error
469, esse laboriosam animi
470, mollitia voluptate libero
471, laudantium dolorem repellendus
472, ut aliquid quia
473, facere porro sed
474, vel error iste
475, quos blanditiis eius
476, quisquam inventore quia
477, repellat aliquam in
478, aut enim et
479, fugit veritatis iusto
480, delectus ducimus dolores
481, distinctio ut dicta
482, delectus quasi est
483, qui harum ipsum
484, hic eius tenetur
485, tempora incidunt molestiae
486, consequatur debitis sequi
487, ratione fugit et
488, dicta minima aspernatur
489, exercitationem consequuntur laborum
490, iure recusandae minima
491, ut et rem
492, et repellendus quia
493, voluptas reprehenderit modi
494, quae temporibus sint
495, cupiditate voluptatem nisi
496, aut ut voluptas
497, doloribus voluptatem recusandae
498, qui ex dolorum
499, qui quas ex
500, qui et quam
501, doloremque dolor voluptates
502, aperiam et vel
503, porro beatae iusto
504, ut culpa et
505, quis nam labore
506, perferendis qui consequatur
507, est ipsam et
508, accusantium ipsa corrupti
509, et quae qui
510, molestiae rerum in
511, omnis dignissimos aut
512, nisi voluptas numquam
513, aut quam nam
514, exercitationem voluptatem itaque
515, quis corrupti et
516, praesentium ea eos
517, quasi alias est
518, aut dolores atque
519, sequi ipsa omnis
520, recusandae earum officiis
521, commodi laboriosam accusamus
522, exercitationem consequuntur consequatur
523, vitae corporis sed
524, odio id aspernatur
525, explicabo doloremque consectetur
526, aliquid sed alias
527, nihil recusandae dolorem
528, sequi commodi iusto
529, voluptatum eligendi vero
530, neque laudantium facilis
531, est officia aut
532, vel dolore inventore
533, cumque debitis praesentium
534, et tempora eos
535, occaecati molestias est
536, sequi aliquam velit
537, unde perspiciatis quis
538, omnis quia perferendis
539, expedita illum odit
540, facere mollitia eos
541, dicta illo sint
542, amet corrupti labore
543, aut excepturi assumenda
544, iste ut perspiciatis
545, porro aspernatur minima
546, omnis non officiis
547, ad autem et
548, atque aut quisquam
549, rerum autem nihil
550, voluptatem odit voluptatibus
551, rerum omnis perferendis
552, et velit saepe
553, deleniti vel quia
554, eos quia praesentium
555, quae quae exercitationem
556, quo voluptatem quaerat
557, deleniti et nihil
558, voluptas adipisci dolorem
559, voluptatibus harum eos
560, dolorem est natus
561, autem sed eaque
562, autem animi impedit
563, cumque ipsum explicabo
564, odit voluptatem occaecati
565, adipisci ut repellendus
566, sint eligendi porro
567, nisi porro et
568, sit saepe nesciunt
569, et doloremque consequuntur
570, sunt veniam officia
571, officiis sunt quia
572, quia dolores quae
573, eligendi aut asperiores
574, totam ullam quas
575, porro occaecati deserunt
576, placeat quis officiis
577, explicabo quam velit
578, dolor nemo dicta
579, eius aut blanditiis
580, ut voluptas distinctio
581, ullam sint impedit
582, dicta nam esse
583, quis iusto quis
584, modi enim aut
585, libero nam quaerat
586, animi itaque quo
587, earum dignissimos laborum
588, in sed impedit
589, magnam neque rerum
590, debitis quasi iure
591, et rerum voluptatem
592, nulla quibusdam aut
593, libero dolorum animi
594, quaerat et dolores
595, qui praesentium quasi
596, tempore magni totam
597, quo dolores vel
598, id error consequatur
599, officiis ut occaecati
600, eos esse sed
601, in vel totam
602, at ut ipsum
603, repellat vel perferendis
604, nam enim architecto
605, sed cupiditate iste
606, nobis et est
607, quia et nobis
608, veritatis asperiores dolor
609, earum quod quia
610, est molestias nostrum
611, molestiae aut molestiae
612, dolor expedita ut
613, libero ea assumenda
614, debitis eius sint
615, distinctio quam ipsam
616, nisi dolor dolores
617, iusto voluptatem magnam
618, ut officiis eveniet
619, nihil aut nihil
620, pariatur a eos
621, aut incidunt blanditiis
622, corrupti aut itaque
623, suscipit et et
624, est repudiandae voluptate
625, fugiat quas iusto
626, mollitia aut non
627, adipisci est quia
628, mollitia illum iure
629, non et corporis
630, ut ullam excepturi
631, neque velit ut
632, hic praesentium error
633, delectus nihil et
634, voluptates quaerat aut
635, deserunt animi hic
636, aut qui quas
637, quaerat culpa sed
638, ad debitis quas
639, qui atque autem
640, non vero rerum
641, sit facilis atque
642, est aut deserunt
643, assumenda dignissimos provident
644, illo alias praesentium
645, sit assumenda possimus
646, aut enim suscipit
647, totam explicabo qui
648, beatae aliquam aut
649, omnis est nesciunt
650, et voluptatem accusamus
651, occaecati dolorum dolor
652, ullam ut voluptatum
653, cupiditate molestiae non
654, vero aut doloribus
655, architecto accusantium adipisci
656, dolor perferendis vel
657, quia est voluptates
658, aut inventore reiciendis
659, qui qui quidem
660, eum id autem
661, incidunt quo accusamus
662, voluptas perferendis quos
663, est minus repudiandae
664, dolorum qui perspiciatis
665, totam omnis molestiae
666, quia numquam dolorem
667, ea ut quod
668, perferendis totam inventore
669, ratione nisi minus
670, non voluptas laudantium
671, distinctio autem expedita
672, ipsum rerum earum
673, culpa officiis nihil
674, nobis doloribus dolores
675, saepe aliquid numquam
676, omnis sint aut
677, pariatur suscipit delectus
678, praesentium in et
679, minus quisquam dolor
680, consequatur hic quibusdam
681, consectetur et reprehenderit
682, et consequatur illo
683, perferendis sit ratione
684, exercitationem sequi omnis
685, itaque sunt saepe
686, deleniti impedit magni
687, et vel laborum
688, nisi qui voluptatem
689, ipsam consequuntur reprehenderit
690, quo ipsam molestiae
691, expedita in magni
692, corporis quae facere
693, quis quibusdam et
694, corrupti dolor neque
695, illum at eos
696, distinctio perspiciatis et
697, ipsum dolore totam
698, quia in dolorum
699, architecto a expedita
700, esse et ex
701, fugit quasi maxime
702, eum sed vel
703, fugit quia mollitia
704, nesciunt placeat dolorem
705, qui ut eos
706, mollitia dolorum repellendus
707, voluptas qui voluptatem
708, sed delectus quod
709, maiores temporibus modi
710, est modi quod
711, et sunt ipsa
712, voluptatibus impedit tempore
713, officia quo placeat
714, voluptatibus consequatur sunt
715, et expedita rerum
716, cupiditate eos iure
717, facere sunt consequatur
718, velit cupiditate nam
719, non error nesciunt
720, voluptate qui temporibus
721, numquam et nesciunt
722, voluptatem id fugiat
723, ex quasi id
724, sunt modi libero
725, eos qui fugit
726, temporibus vel dolores
727, deleniti similique eligendi
728, aut aperiam molestiae
729, et ea impedit
730, autem hic incidunt
731, facere culpa pariatur
732, autem sint autem
733, numquam quibusdam maiores
734, sed ipsa atque
735, autem natus et
736, aut quaerat et
737, quidem et iusto
738, qui nihil molestiae
739, deserunt error quod
740, et cupiditate quo
741, aspernatur nam dolore
742, laudantium nihil voluptatibus
743, qui commodi odio
744, totam quis iusto
745, laboriosam natus nobis
746, laborum quia provident
747, velit dolores optio
748, accusamus rerum velit
749, impedit et possimus
750, iusto nulla molestiae
751, natus sit aperiam
752, asperiores molestiae et
753, aut iusto voluptatum
754, quaerat inventore qui
755, dolor sit similique
756, aperiam sit unde
757, corrupti voluptas inventore
758, ex occaecati quibusdam
759, omnis explicabo sed
760, et fugiat ea
761, quia perspiciatis iusto
762, quia est doloremque
763, debitis id ut
764, neque quidem cum
765, eos sequi quam
766, a reiciendis laboriosam
767, qui aut ut
768, animi ratione magnam
769, dolor at et
770, numquam veniam rerum
771, ex nemo quod
772, consequuntur eaque ipsum
773, soluta occaecati cupiditate
774, in ipsa placeat
775, voluptatem quae cum
776, iste in delectus
777, excepturi a doloremque
778, laborum veniam earum
779, recusandae nemo dolorem
780, omnis sequi ipsam
781, provident voluptatibus porro
782, reiciendis voluptas rem
783, vel quis et
784, ea sed alias
785, id delectus deleniti
786, vel dolorum nobis
787, earum aut veniam
788, corrupti vel velit
789, quisquam autem libero
790, voluptas dolorem quos
791, maiores consequatur consequatur
792, sunt ab nostrum
793, sit pariatur voluptates
794, excepturi est et
795, voluptatem provident ut
796, et animi similique
797, ut consequatur illum
798, aut incidunt ab
799, doloribus distinctio quos
800, sit maxime deleniti
801, sit nihil est
802, adipisci quibusdam velit
803, dolorem cumque hic
804, praesentium voluptas sunt
805, id laborum ipsam
806, laudantium vitae dolores
807, quasi esse tempora
808, modi qui ut
809, earum sint maxime
810, possimus mollitia et
811, quae est eveniet
812, voluptatem est dicta
813, est quis et
814, possimus aut unde
815, suscipit totam eos
816, odio unde consequatur
817, sed a quae
818, ut nulla omnis
819, quod dicta architecto
820, aperiam nemo placeat
821, dicta vel et
822, voluptatum placeat corporis
823, qui voluptatem facilis
824, incidunt et officiis
825, aliquid officiis consequuntur
826, ut ad eveniet
827, inventore non non
828, nisi alias laudantium
829, consectetur veniam quisquam
830, tempore quo vel
831, adipisci tempore sed
832, non ut non
833, earum ad delectus
834, qui sequi autem
835, id consequatur vel
836, alias iusto veniam
837, atque dolores voluptates
838, ea amet et
839, voluptatibus ut eos
840, animi optio quia
841, quis repellendus ex
842, est maiores facere
843, maxime aperiam quos
844, accusamus ea molestiae
845, adipisci minus eaque
846, voluptatem aperiam ipsum
847, in nihil id
848, consequatur ullam vel
849, repellendus sit accusamus
850, expedita nisi omnis
851, non distinctio voluptatem
852, asperiores veniam atque
853, ullam officiis voluptatum
854, ullam rerum aut
855, excepturi et et
856, sunt itaque voluptate
857, nam officia voluptate
858, sint autem ut
859, est dignissimos doloremque
860, quidem voluptatum aliquid
861, sed cum rerum
862, ad optio nihil
863, vero cupiditate ipsum
864, aut placeat et
865, praesentium commodi perferendis
866, quo odit nihil
867, fuga ut veniam
868, ex a at
869, et aliquid veritatis
870, adipisci qui aut
871, omnis voluptatem inventore
872, ut error rerum
873, placeat temporibus eligendi
874, earum mollitia accusamus
875, ad aut voluptates
876, quia pariatur praesentium
877, dolor sed porro
878, et ea ipsa
879, doloribus voluptates et
880, molestias veniam vel
881, nihil quo alias
882, fuga dolore ut
883, non iure et
884, id quo sit
885, odit eaque rerum
886, quasi maxime earum
887, omnis sed adipisci
888, dolorem fugiat nesciunt
889, error saepe quisquam
890, eveniet aperiam totam
891, et qui consequatur
892, ad aut quos
893, similique ullam voluptatem
894, mollitia voluptas consectetur
895, porro dignissimos eum
896, expedita explicabo id
897, reiciendis reprehenderit quae
898, nisi eligendi eos
899, in ut consequatur
900, quod deleniti voluptas
901, eius nam quo
902, tempora dicta non
903, at id tempore
904, recusandae commodi ullam
905, quibusdam et eligendi
906, commodi optio nam
907, et in rerum
908, asperiores qui a
909, molestiae illum dolore
910, molestiae nesciunt sunt
911, blanditiis corporis modi
912, similique ratione quo
913, qui nemo suscipit
914, ex iure quasi
915, cumque nihil dolorem
916, occaecati labore soluta
917, exercitationem minima ea
918, fugiat inventore minima
919, saepe ullam quis
920, et nostrum ex
921, inventore nobis sed
922, cumque sed et
923, dolore beatae tenetur
924, eius qui rem
925, soluta placeat nisi
926, est doloribus id
927, ipsam aut esse
928, ut debitis harum
929, temporibus similique nihil
930, deleniti pariatur corrupti
931, quae quo ipsa
932, corrupti ratione aperiam
933, voluptas occaecati et
934, maxime tempora delectus
935, magni accusamus vitae
936, ut ut impedit
937, sed optio ea
938, consectetur iste expedita
939, commodi ut delectus
940, error unde ipsum
941, corporis error odit
942, sit neque quod
943, velit dicta vel
944, aut eaque et
945, ex dolor id
946, iure fugiat voluptas
947, omnis et voluptatibus
948, dolorem occaecati hic
949, est ut et
950, molestiae impedit et
951, sed deleniti iste
952, et dolor sit
953, molestias quia consequatur
954, soluta aut numquam
955, perspiciatis cupiditate dolore
956, molestias delectus rerum
957, dolores quos rerum
958, asperiores voluptas nam
959, quae ut ipsa
960, aliquam ducimus suscipit
961, iusto quos quia
962, fugit nam distinctio
963, ut id odit
964, fugit voluptatem sit
965, porro distinctio rerum
966, distinctio consequatur qui
967, autem optio quaerat
968, asperiores veritatis quae
969, cum est culpa
970, qui aliquid sed
971, ullam eum quo
972, temporibus deserunt qui
973, animi possimus laudantium
974, sed quibusdam natus
975, quo incidunt vero
976, maxime esse culpa
977, dolore ut excepturi
978, aut dolores non
979, libero assumenda repudiandae
980, et ad quis
981, debitis voluptas nobis
982, impedit laboriosam ullam
983, perferendis doloribus maxime
984, nihil illum soluta
985, est atque et
986, dolorum ut non
987, possimus est odio
988, nihil error in
989, est pariatur libero
990, corrupti amet inventore
991, expedita rem autem
992, eum in numquam
993, ea eum tempora
994, nisi atque nam
995, asperiores ut iusto
996, ratione voluptatum ullam
997, quia doloremque id
998, quia vitae quae
999, magnam sunt tempore
